Workbook

Sheet Resumo
A1: Variante | B1: Execuções | C1: Latência média (s) | D1: Evidências médias | E1: Chamadas LLM médias | F1: Revisões
A2: baseline | B2: =COUNTIF(Dados!$D$2:$D$181,A2) | C2: =AVERAGEIF(Dados!$D$2:$D$181,A2,Dados!$G$2:$G$181) | D2: =AVERAGEIF(Dados!$D$2:$D$181,A2,Dados!$H$2:$H$181) | E2: =AVERAGEIF(Dados!$D$2:$D$181,A2,Dados!$K$2:$K$181) | F2: =COUNTIFS(Dados!$D$2:$D$181,A2,Dados!$J$2:$J$181,TRUE)
A3: adaptive | B3: =COUNTIF(Dados!$D$2:$D$181,A3) | C3: =AVERAGEIF(Dados!$D$2:$D$181,A3,Dados!$G$2:$G$181) | D3: =AVERAGEIF(Dados!$D$2:$D$181,A3,Dados!$H$2:$H$181) | E3: =AVERAGEIF(Dados!$D$2:$D$181,A3,Dados!$K$2:$K$181) | F3: =COUNTIFS(Dados!$D$2:$D$181,A3,Dados!$J$2:$J$181,TRUE)
A4: self_rag | B4: =COUNTIF(Dados!$D$2:$D$181,A4) | C4: =AVERAGEIF(Dados!$D$2:$D$181,A4,Dados!$G$2:$G$181) | D4: =AVERAGEIF(Dados!$D$2:$D$181,A4,Dados!$H$2:$H$181) | E4: =AVERAGEIF(Dados!$D$2:$D$181,A4,Dados!$K$2:$K$181) | F4: =COUNTIFS(Dados!$D$2:$D$181,A4,Dados!$J$2:$J$181,TRUE)

Sheet Dados
A1: question_id | B1: category | C1: difficulty | D1: variant | E1: repetition | F1: route_question | G1: latency_sec | H1: evidence_count | I1: draft_verdict | J1: revised | K1: llm_calls | L1: answer
A2: Q01 | B2: ml_system_design | C2: easy | D2: baseline | E2: 1 | F2: baseline | G2: 0.482 | H2: 4 | K2: 1 | L2: The book emphasizes starting with data quality and quantity when building data science or ML products because data is foundational to the discipline of data science, as highlighted by Dr. Monica Rogati. Without adequate data, there can be no data science. The quality and quantity of data are crucial as models are getting bigger and using more data, as evidenced by the growth in dataset sizes from the One Billion Words Benchmark to GPT-3. Additionally, most ML models in production today are supervised and rely heavily on the quality and quantity of labeled data for training.
A3: Q02 | B3: data_centricity | C3: easy | D3: baseline | E3: 1 | F3: adaptive | G3: 0.68 | H3: 4 | K3: 1 | L3: The book describes a debate within the machine learning (ML) community regarding the relative importance of data versus intelligent algorithms. According to the passages, many believe that a large amount of data is crucial for the success of ML systems, with some arguing that data can overpower intelligent design. The book highlights that while intelligent algorithms are important, the success of systems like AlexNet, BERT, and GPT has shown that access to large amounts of data has been key to progress in ML. Additionally, the book mentions that in practice, companies often focus on managing and improving their data rather than solely improving ML algorithms. The debate isn't about the necessity of data but whether it is sufficient on its own, with the acknowledgment that infinite data would eliminate the need for intelligent algorithms.
A4: Q03 | B4: baselines | C4: easy | D4: baseline | E4: 1 | F4: adaptive | G4: 0.367 | H4: 4 | K4: 1 | L4: Building a simple baseline is essential before trying more complex architectures because it serves as a point of comparison. The simplest model acts as a benchmark to measure the performance of more complex models. This helps in understanding whether the complexity added to the model is actually improving the performance or not. Without a baseline, it's difficult to determine if the effort invested in making the model more complex has led to better results.
A5: Q04 | B5: data_quality | C5: medium | D5: baseline | E5: 1 | F5: adaptive | G5: 0.555 | H5: 4 | K5: 1 | L5: Data quality problems such as label noise and collection bias can significantly affect a system's real-world performance in production. These issues can lead to a train-serving skew, where a model performs well during development but poorly when deployed in the real world. Additionally, as data distributions shift over time, models trained on outdated or biased data may struggle to generalize effectively. For instance, changes in user behavior or data encoding can cause discrepancies between training and real-world data, impacting model performance. To mitigate these effects, techniques like importance weighting can be employed, but they are challenging to apply preemptively due to the unpredictable nature of distribution changes.
A6: Q05 | B6: distribution_shift | C6: medium | D6: baseline | E6: 1 | F6: adaptive | G6: 0.519 | H6: 4 | K6: 1 | L6: Hidden feedback loops are a type of degenerate feedback loop where a system's outputs are used to create or process the same system's inputs, which then influence the system's future outputs. This can occur when a system's predictions influence how users interact with the system, and because these interactions are sometimes used as inputs to the same system, it can lead to a loop that perpetuates and magnifies biases or causes the system's outputs to become more homogeneous over time. If left uncorrected, these loops can degrade the system's performance and perpetuate biases embedded in the data.
A7: Q06 | B7: monitoring | C7: medium | D7: baseline | E7: 1 | F7: adaptive | G7: 0.198 | H7: 4 | K7: 1 | L7: The provided context does not explicitly list specific data and model monitoring signals important for detecting performance degradation in production. Therefore, based on the given information, I cannot provide a definitive answer to the question.
A8: Q07 | B8: evaluation | C8: medium | D8: baseline | E8: 1 | F8: baseline | G8: 0.68 | H8: 4 | K8: 1 | L8: Evaluating a model before deployment involves assessing its performance using available training and validation data. This evaluation helps in understanding how well the model performs on unseen data similar to the training data. However, this evaluation does not guarantee how the model will perform in the real-world setting after deployment. After deployment, the model's performance is evaluated in the actual production environment where it interacts with real users or processes real-time data. This evaluation can reveal issues that were not apparent during the pre-deployment phase, such as changes in data distribution, unexpected user behavior, or environmental factors that affect model performance. Thus, the key difference lies in the context and the data used for evaluation: pre-deployment evaluation uses training and validation data, while post-deployment evaluation uses real-world data.
A9: Q08 | B9: data_slices | C9: medium | D9: baseline | E9: 1 | F9: baseline | G9: 0.639 | H9: 4 | K9: 1 | L9: Analyzing slices or subsets of data can reveal failures that do not appear in aggregate metrics because aggregate metrics, such as overall accuracy, can mask significant performance differences across different subgroups of data. For example, a model might perform exceptionally well on the majority subgroup of data but poorly on a minority subgroup. When only overall metrics are considered, this disparity might go unnoticed, leading to a false sense of the model's effectiveness. As shown in Passage 3, Model A might appear superior based on overall accuracy, but upon closer inspection of the minority subgroup, its performance is much worse. This example highlights how focusing solely on aggregate metrics can lead to overlooking critical issues that are only apparent when data is analyzed in slices or subsets.
A10: Q09 | B10: feature_engineering | C10: medium | D10: baseline | E10: 1 | F10: baseline | G10: 0.418 | H10: 4 | K10: 1 | L10: Differences between training data and data available at prediction time can significantly affect the reliability of predictions. According to Passage 3, the assumption is often incorrect that the unseen data and the training data come from the same distribution. In reality, the underlying distribution of real-world data is unlikely to match the training data distribution. This discrepancy can lead to poor generalization of the model, as it may not perform well on data that differs from what it was trained on.
A11: Q10 | B11: inference | C11: medium | D11: baseline | E11: 1 | F11: adaptive | G11: 0.866 | H11: 4 | K11: 1 | L11: The trade-offs among latency, throughput, computational cost, and reliability when serving predictions include: 1. **Latency vs. Throughput**: Increasing throughput often requires increasing latency. For instance, by batching queries, you can process more queries per second (higher throughput), but this increases the latency for individual queries. Conversely, serving queries one at a time can reduce latency but decrease throughput. 2. **Computational Cost**: Higher throughput often comes with higher computational cost. More queries processed per second require more computational resources, which can increase the cost of running the system. 3. **Reliability**: While not directly mentioned in the context, reliability can be affected by the trade-offs between latency and throughput. For example, aggressive batching to increase throughput might introduce more latency, potentially leading to a less reliable system if the delay in response time is critical. The context does not explicitly mention reliability as a trade-off, but it is implied that reliability could be impacted by the choices made between latency and throughput.
A12: Q11 | B12: retraining | C12: medium | D12: baseline | E12: 1 | F12: baseline | G12: 0.214 | H12: 4 | K12: 1 | L12: The provided context does not contain information specifically addressing how a team should decide when a model needs to be retrained instead of keeping the current model. Therefore, I cannot provide a direct answer based on the given passages.
A13: Q12 | B13: observability | C13: easy | D13: baseline | E13: 1 | F13: adaptive | G13: 0.224 | H13: 4 | K13: 1 | L13: The provided context does not contain explicit information about why monitoring and logging are important in ML systems, nor does it specify what should be recorded beyond traditional evaluation metrics. Therefore, I cannot provide a direct answer based on the given passages.
... A121: Q20 | B121: end_to_end | C121: hard | D121: adaptive | E121: 3 | F121: adaptive | G121: 0.457 | H121: 4 | K121: 1 | L121: The evaluation of an ML system must consider the entire workflow, from data collection and labeling to the impact on the end user, instead of focusing only on the model in isolation, because focusing solely on the model can lead to misleading performance metrics. This is illustrated by Simpson's paradox, where a model might perform well on aggregated data but poorly on specific subgroups. Therefore, evaluating the system holistically ensures that it meets the needs of all user groups and performs well in real-world scenarios, not just in aggregate.
A122: Q01 | B122: ml_system_design | C122: easy | D122: self_rag | E122: 1 | F122: baseline | G122: 0.514 | H122: 4 | I122: SUPPORTED | J122: FALSE | K122: 2 | L122: The book emphasizes starting with data quality and quantity when building data science or ML products because data is foundational to the discipline of data science, as highlighted by Dr. Monica Rogati. Without adequate data, there can be no data science. The quality and quantity of data are crucial as models are getting bigger and using more data, as evidenced by the growth in dataset sizes from the One Billion Words Benchmark to GPT-3. Additionally, most ML models in production today are supervised and rely heavily on the quality and quantity of labeled data for training.
A123: Q02 | B123: data_centricity | C123: easy | D123: self_rag | E123: 1 | F123: adaptive | G123: 0.709 | H123: 4 | I123: SUPPORTED | J123: FALSE | K123: 2 | L123: The book describes a debate within the machine learning (ML) community regarding the relative importance of data versus intelligent algorithms. According to the passages, many believe that a large amount of data is crucial for the success of ML systems, with some arguing that data can overpower intelligent design. The book highlights that while intelligent algorithms are important, the success of systems like AlexNet, BERT, and GPT has shown that access to large amounts of data has been key to progress in ML. Additionally, the book mentions that in practice, companies often focus on managing and improving their data rather than solely improving ML algorithms. The debate isn't about the necessity of data but whether it is sufficient on its own, with the acknowledgment that infinite data would eliminate the need for intelligent algorithms.
A124: Q03 | B124: baselines | C124: easy | D124: self_rag | E124: 1 | F124: adaptive | G124: 0.399 | H124: 4 | I124: SUPPORTED | J124: FALSE | K124: 2 | L124: Building a simple baseline is essential before trying more complex architectures because it serves as a point of comparison. The simplest model acts as a benchmark to measure the performance of more complex models. This helps in understanding whether the complexity added to the model is actually improving the performance or not. Without a baseline, it's difficult to determine if the effort invested in making the model more complex has led to better results.
A125: Q04 | B125: data_quality | C125: medium | D125: self_rag | E125: 1 | F125: adaptive | G125: 0.584 | H125: 4 | I125: SUPPORTED | J125: FALSE | K125: 2 | L125: Data quality problems such as label noise and collection bias can significantly affect a system's real-world performance in production. These issues can lead to a train-serving skew, where a model performs well during development but poorly when deployed in the real world. Additionally, as data distributions shift over time, models trained on outdated or biased data may struggle to generalize effectively. For instance, changes in user behavior or data encoding can cause discrepancies between training and real-world data, impacting model performance. To mitigate these effects, techniques like importance weighting can be employed, but they are challenging to apply preemptively due to the unpredictable nature of distribution changes.
A126: Q05 | B126: distribution_shift | C126: medium | D126: self_rag | E126: 1 | F126: adaptive | G126: 0.551 | H126: 4 | I126: SUPPORTED | J126: FALSE | K126: 2 | L126: Hidden feedback loops are a type of degenerate feedback loop where a system's outputs are used to create or process the same system's inputs, which then influence the system's future outputs. This can occur when a system's predictions influence how users interact with the system, and because these interactions are sometimes used as inputs to the same system, it can lead to a loop that perpetuates and magnifies biases or causes the system's outputs to become more homogeneous over time. If left uncorrected, these loops can degrade the system's performance and perpetuate biases embedded in the data.
A127: Q06 | B127: monitoring | C127: medium | D127: self_rag | E127: 1 | F127: adaptive | G127: 0.4 | H127: 4 | I127: NOT_SUPPORTED | J127: TRUE | K127: 3 | L127: The context does not explicitly list specific data and model monitoring signals for detecting performance degradation in production. Therefore, I cannot provide a specific answer based solely on the given information.
A128: Q07 | B128: evaluation | C128: medium | D128: self_rag | E128: 1 | F128: baseline | G128: 0.71 | H128: 4 | I128: SUPPORTED | J128: FALSE | K128: 2 | L128: Evaluating a model before deployment involves assessing its performance using available training and validation data. This evaluation helps in understanding how well the model performs on unseen data similar to the training data. However, this evaluation does not guarantee how the model will perform in the real-world setting after deployment. After deployment, the model's performance is evaluated in the actual production environment where it interacts with real users or processes real-time data. This evaluation can reveal issues that were not apparent during the pre-deployment phase, such as changes in data distribution, unexpected user behavior, or environmental factors that affect model performance. Thus, the key difference lies in the context and the data used for evaluation: pre-deployment evaluation uses training and validation data, while post-deployment evaluation uses real-world data.
A129: Q08 | B129: data_slices | C129: medium | D129: self_rag | E129: 1 | F129: baseline | G129: 0.667 | H129: 4 | I129: SUPPORTED | J129: FALSE | K129: 2 | L129: Analyzing slices or subsets of data can reveal failures that do not appear in aggregate metrics because aggregate metrics, such as overall accuracy, can mask significant performance differences across different subgroups of data. For example, a model might perform exceptionally well on the majority subgroup of data but poorly on a minority subgroup. When only overall metrics are considered, this disparity might go unnoticed, leading to a false sense of the model's effectiveness. As shown in Passage 3, Model A might appear superior based on overall accuracy, but upon closer inspection of the minority subgroup, its performance is much worse. This example highlights how focusing solely on aggregate metrics can lead to overlooking critical issues that are only apparent when data is analyzed in slices or subsets.
A130: Q09 | B130: feature_engineering | C130: medium | D130: self_rag | E130: 1 | F130: baseline | G130: 0.449 | H130: 4 | I130: SUPPORTED | J130: FALSE | K130: 2 | L130: Differences between training data and data available at prediction time can significantly affect the reliability of predictions. According to Passage 3, the assumption is often incorrect that the unseen data and the training data come from the same distribution. In reality, the underlying distribution of real-world data is unlikely to match the training data distribution. This discrepancy can lead to poor generalization of the model, as it may not perform well on data that differs from what it was trained on.
A131: Q10 | B131: inference | C131: medium | D131: self_rag | E131: 1 | F131: adaptive | G131: 0.904 | H131: 4 | I131: SUPPORTED | J131: FALSE | K131: 2 | L131: The trade-offs among latency, throughput, computational cost, and reliability when serving predictions include: 1. **Latency vs. Throughput**: Increasing throughput often requires increasing latency. For instance, by batching queries, you can process more queries per second (higher throughput), but this increases the latency for individual queries. Conversely, serving queries one at a time can reduce latency but decrease throughput. 2. **Computational Cost**: Higher throughput often comes with higher computational cost. More queries processed per second require more computational resources, which can increase the cost of running the system. 3. **Reliability**: While not directly mentioned in the context, reliability can be affected by the trade-offs between latency and throughput. For example, aggressive batching to increase throughput might introduce more latency, potentially leading to a less reliable system if the delay in response time is critical. The context does not explicitly mention reliability as a trade-off, but it is implied that reliability could be impacted by the choices made between latency and throughput.
A132: Q11 | B132: retraining | C132: medium | D132: self_rag | E132: 1 | F132: baseline | G132: 0.441 | H132: 4 | I132: NOT_SUPPORTED | J132: TRUE | K132: 3 | L132: The context does not provide specific guidance on how a team should decide when a model needs to be retrained instead of keeping the current model. Therefore, I do not know based on the given information.
A133: Q12 | B133: observability | C133: easy | D133: self_rag | E133: 1 | F133: adaptive | G133: 0.482 | H133: 4 | I133: NOT_SUPPORTED | J133: TRUE | K133: 3 | L133: The context provided does not contain specific information about why monitoring and logging are important in ML systems, nor does it mention what should be recorded beyond traditional evaluation metrics. Therefore, I do not know the answer based solely on the given context.
... A181: Q20 | B181: end_to_end | C181: hard | D181: self_rag | E181: 3 | F181: adaptive | G181: 0.588 | H181: 4 | I181: SUPPORTED | J181: FALSE | K181: 2 | L181: The evaluation of an ML system must consider the entire workflow, from data collection and labeling to the impact on the end user, instead of focusing only on the model in isolation, because focusing solely on overall model performance can lead to poor performance on critical subgroups. This is illustrated by Simpson's paradox, where a model can perform better on combined data but worse on individual subgroups. Additionally, certain subgroups may be more critical than others, as in the case of paid users in user churn prediction. Therefore, evaluating the model's performance on these critical subgroups is essential to ensure the system's overall effectiveness and fairness.

Sheet Self-RAG por pergunta
A1: question_id | B1: Revisões (de 3)
A2: Q01 | B2: =COUNTIFS(Dados!$A$2:$A$181,A2,Dados!$D$2:$D$181,"self_rag",Dados!$J$2:$J$181,TRUE)
A3: Q02 | B3: =COUNTIFS(Dados!$A$2:$A$181,A3,Dados!$D$2:$D$181,"self_rag",Dados!$J$2:$J$181,TRUE)
A4: Q03 | B4: =COUNTIFS(Dados!$A$2:$A$181,A4,Dados!$D$2:$D$181,"self_rag",Dados!$J$2:$J$181,TRUE)
A5: Q04 | B5: =COUNTIFS(Dados!$A$2:$A$181,A5,Dados!$D$2:$D$181,"self_rag",Dados!$J$2:$J$181,TRUE)
A6: Q05 | B6: =COUNTIFS(Dados!$A$2:$A$181,A6,Dados!$D$2:$D$181,"self_rag",Dados!$J$2:$J$181,TRUE)
A7: Q06 | B7: =COUNTIFS(Dados!$A$2:$A$181,A7,Dados!$D$2:$D$181,"self_rag",Dados!$J$2:$J$181,TRUE)
A8: Q07 | B8: =COUNTIFS(Dados!$A$2:$A$181,A8,Dados!$D$2:$D$181,"self_rag",Dados!$J$2:$J$181,TRUE)
A9: Q08 | B9: =COUNTIFS(Dados!$A$2:$A$181,A9,Dados!$D$2:$D$181,"self_rag",Dados!$J$2:$J$181,TRUE)
A10: Q09 | B10: =COUNTIFS(Dados!$A$2:$A$181,A10,Dados!$D$2:$D$181,"self_rag",Dados!$J$2:$J$181,TRUE)
A11: Q10 | B11: =COUNTIFS(Dados!$A$2:$A$181,A11,Dados!$D$2:$D$181,"self_rag",Dados!$J$2:$J$181,TRUE)
A12: Q11 | B12: =COUNTIFS(Dados!$A$2:$A$181,A12,Dados!$D$2:$D$181,"self_rag",Dados!$J$2:$J$181,TRUE)
A13: Q12 | B13: =COUNTIFS(Dados!$A$2:$A$181,A13,Dados!$D$2:$D$181,"self_rag",Dados!$J$2:$J$181,TRUE)
... A21: Q20 | B21: =COUNTIFS(Dados!$A$2:$A$181,A21,Dados!$D$2:$D$181,"self_rag",Dados!$J$2:$J$181,TRUE)

Sheet Acurácia (juiz não validado)
A1: Juiz automático: llama3.1:8b. Não validado contra pontuação manual.
A2: variant | B2: accuracy | C2: parse_errors | D2: n
A3: adaptive | B3: 0.4 | C3: 0 | D3: 60
A4: baseline | B4: 0.3 | C4: 0 | D4: 60
A5: self_rag | B5: 0.3 | C5: 0 | D5: 60

Sheet Recuperação (sem juiz)
A1: Cobertura = fração dos termos do gabarito presentes nos 4 trechos recuperados. Heurística lexical: revisar manualmente.
A2: question_id | B2: variant | C2: repetition | D2: termos_gabarito | E2: termos_encontrados | F2: cobertura | G2: recuperado_(>=50%) | H2: rank_primeiro_trecho_relevante | I2: termos_ausentes | J2: veredito_juiz
A3: Q02 | B3: adaptive | C3: 1 | D3: 15 | E3: 4 | F3: 0.267 | G3: FALSE | I3: bigger, centric, describes, gains, improving, leans, model, often, practical, quality, yields | J3: CORRECT
A4: Q02 | B4: adaptive | C4: 2 | D4: 15 | E4: 4 | F4: 0.267 | G4: FALSE | I4: bigger, centric, describes, gains, improving, leans, model, often, practical, quality, yields | J4: CORRECT
A5: Q02 | B5: adaptive | C5: 3 | D5: 15 | E5: 4 | F5: 0.267 | G5: FALSE | I5: bigger, centric, describes, gains, improving, leans, model, often, practical, quality, yields | J5: CORRECT
A6: Q02 | B6: baseline | C6: 1 | D6: 15 | E6: 6 | F6: 0.4 | G6: FALSE | I6: bigger, centric, describes, designing, gains, leans, often, practical, yields | J6: INCORRECT
A7: Q02 | B7: baseline | C7: 2 | D7: 15 | E7: 6 | F7: 0.4 | G7: FALSE | I7: bigger, centric, describes, designing, gains, leans, often, practical, yields | J7: INCORRECT
A8: Q02 | B8: baseline | C8: 3 | D8: 15 | E8: 6 | F8: 0.4 | G8: FALSE | I8: bigger, centric, describes, designing, gains, leans, often, practical, yields | J8: INCORRECT
A9: Q02 | B9: self_rag | C9: 1 | D9: 15 | E9: 6 | F9: 0.4 | G9: FALSE | I9: bigger, centric, describes, designing, gains, leans, often, practical, yields | J9: INCORRECT
A10: Q02 | B10: self_rag | C10: 2 | D10: 15 | E10: 6 | F10: 0.4 | G10: FALSE | I10: bigger, centric, describes, designing, gains, leans, often, practical, yields | J10: INCORRECT
A11: Q02 | B11: self_rag | C11: 3 | D11: 15 | E11: 6 | F11: 0.4 | G11: FALSE | I11: bigger, centric, describes, designing, gains, leans, often, practical, yields | J11: INCORRECT
A12: Q03 | B12: adaptive | C12: 1 | D12: 14 | E12: 4 | F12: 0.286 | G12: FALSE | I12: cheap, complex, exposes, judge, labeling, models, point, problems, reference, value | J12: CORRECT
A13: Q03 | B13: adaptive | C13: 2 | D13: 14 | E13: 4 | F13: 0.286 | G13: FALSE | I13: cheap, complex, exposes, judge, labeling, models, point, problems, reference, value | J13: CORRECT
A14: Q03 | B14: adaptive | C14: 3 | D14: 14 | E14: 4 | F14: 0.286 | G14: FALSE | I14: cheap, complex, exposes, judge, labeling, models, point, problems, reference, value | J14: CORRECT
... A47: Q16 | B47: self_rag | C47: 3 | D47: 14 | E47: 4 | F47: 0.286 | G47: FALSE | I47: consistent, corrupt, designed, ensures, lineage, reproducible, silently, tracked, validated, versioned | J47: INCORRECT
